{
    "materials":[{
        "specularCoef":50,
        "DbgIndex":0,
        "colorSpecular":[0.5,0.5,0.5],
        "depthTest":true,
        "visible":true,
        "colorEmissive":[0,0,0],
        "mapDiffuseWrap":["repeat","repeat"],
        "doubleSided":false,
        "transparent":false,
        "depthWrite":true,
        "mapDiffuseRepeat":[1,1],
        "colorDiffuse":[0.0585798,0.0585798,0.0585798],
        "vertexColors":false,
        "DbgName":"Material.003",
        "mapDiffuse":"tile.jpg",
        "mapDiffuseAnisotropy":1,
        "wireframe":false,
        "DbgColor":15658734,
        "opacity":1,
        "shading":"phong",
        "blending":"NormalBlending"
    }],
    "normals":[-1,0,0,0,0,0,1,0,0,0,5.06901e-07,1,0,-1,0,0,1,0,-0,0,1,1,0,0,0,1,-0,-1,0,0,0,0,1,0,-1,0,-0,0,-1,1,0,-0,0,1,-0,0,-1,1.36287e-07,1,0,-0,0,1,-6.78948e-08,0,-1,6.78948e-08,0,-1,1.45311e-07,0,1,-7.31091e-08,0,-1,7.31091e-08,0,-1,4.77474e-08,0,1,-4.77474e-08,0,-1,3.51918e-08,0,1,-5.27878e-08,0,1,-7.26555e-08],
    "vertices":[-2.75875,0.0266572,1.71511,-2.75875,1.08666,1.71511,-2.75875,0.0266572,1.31511,-2.75875,1.08666,1.31511,-0.258753,0.0266572,1.71511,-0.258753,1.08666,1.71511,-0.258753,0.0266572,1.31511,-0.258753,1.08666,1.31511,-2.75875,0.851485,1.71511,-2.75875,0.851485,1.31511,-0.258753,0.851485,1.31511,-0.258753,0.851485,1.71511,-2.75875,0.0816457,1.31511,-0.258753,0.0816457,1.31511,-0.258753,0.0816457,1.71511,-2.75875,0.0816457,1.71511,-2.75875,0.575847,1.71511,-2.75875,0.575847,1.31511,-0.258753,0.575847,1.31511,-0.258753,0.575847,1.71511,-2.75875,0.310252,1.31511,-0.258753,0.310252,1.31511,-0.258753,0.310252,1.71511,-2.75875,0.310252,1.71511,-2.75875,1.08666,1.31511,-0.258753,1.08666,1.31511,-2.75875,0.851485,1.31511,-0.258753,0.851485,1.31511,-2.75875,1.08666,0.931374,-0.258753,1.08666,0.931374,-2.75875,0.851485,0.931374,-0.258753,0.851485,0.931374,-2.75875,0.851485,0.496601,-0.258753,0.851485,0.496601,-2.75875,0.575847,0.496601,-0.258753,0.575847,0.496601,-2.75875,0.575847,0.071525,-0.258753,0.575847,0.071525,-2.75875,0.310252,0.071525,-0.258753,0.310252,0.071525,-2.75875,0.310252,-0.37217,-2.75875,0.0816456,-0.37217,-0.258753,0.310252,-0.37217,-0.258753,0.0816456,-0.37217,-2.75875,0.0816455,-2.01934,-2.75875,0.026657,-2.01934,-0.258753,0.026657,-2.01934,-0.258753,0.0816455,-2.01934,-0.258753,0.851485,0.93395,-2.75875,0.851485,0.93395,-2.75875,0.575847,0.93395,-0.258753,0.575847,0.93395,-2.75875,0.310252,0.499828,-0.258753,0.310252,0.499828,-2.75875,0.575847,0.499828,-0.258753,0.575847,0.499828,-2.75875,0.310252,0.0667782,-2.75875,0.0816456,0.0667782,-0.258753,0.310252,0.0667782,-0.258753,0.0816456,0.0667782,-2.75875,0.0816456,-0.378594,-2.75875,0.0266571,-0.378594,-0.258753,0.0816456,-0.378594,-0.258753,0.0266571,-0.378594,-2.75875,0.0816455,-1.19897,-0.258753,0.0816455,-1.19897,-0.258753,0.026657,-1.19897,-2.75875,0.026657,-1.19897,-2.75875,0.026657,-0.788781,-2.75875,0.0816456,-0.788781,-0.258753,0.0816456,-0.788781,-0.258753,0.026657,-0.788781,-2.75875,0.0816455,-1.60915,-0.258753,0.0816455,-1.60915,-0.258753,0.026657,-1.60915,-2.75875,0.026657,-1.60915],
    "metadata":{
        "normals":27,
        "materials":1,
        "version":3,
        "colors":0,
        "faces":74,
        "uvs":1,
        "type":"Geometry",
        "vertices":76,
        "generator":"io_three"
    },
    "colors":[],
    "faces":[43,8,1,3,9,0,0,1,2,3,0,0,0,0,43,10,9,26,27,0,0,1,2,3,1,1,1,1,43,10,7,5,11,0,0,1,2,3,2,2,2,2,43,11,5,1,8,0,0,1,2,3,3,3,3,3,43,4,0,2,6,0,2,3,0,1,4,4,4,4,43,7,3,1,5,0,0,1,2,3,5,5,5,5,43,19,11,8,16,0,0,1,2,3,6,6,6,6,43,18,10,11,19,0,0,1,2,3,7,7,7,7,43,49,48,33,32,0,0,1,2,3,8,8,8,8,43,16,8,9,17,0,0,1,2,3,9,9,9,9,43,0,15,12,2,0,0,1,2,3,0,0,0,0,43,75,72,44,45,0,4,5,6,7,9,9,9,9,43,6,13,14,4,0,0,1,2,3,2,2,2,2,43,15,0,4,14,0,2,3,0,1,10,10,10,10,43,23,16,17,20,0,0,1,2,3,0,0,0,0,43,53,52,38,39,0,0,1,2,3,4,4,4,4,43,21,18,19,22,0,0,1,2,3,2,2,2,2,43,22,19,16,23,0,0,1,2,3,6,6,6,6,43,14,22,23,15,0,0,1,2,3,6,6,6,6,43,13,21,22,14,0,0,1,2,3,2,2,2,2,43,57,56,40,41,0,8,9,10,11,9,9,9,9,43,15,23,20,12,0,0,1,2,3,0,0,0,0,43,27,26,30,31,0,0,1,2,3,11,11,11,11,43,3,7,25,24,0,0,1,2,3,1,1,1,1,43,7,10,27,25,0,0,1,2,3,1,1,1,1,43,9,3,24,26,0,0,1,2,3,1,1,1,1,43,30,28,29,31,0,12,1,13,3,12,12,12,12,43,26,24,28,30,0,14,15,16,17,0,0,0,0,43,25,27,31,29,0,18,19,20,21,13,13,13,13,43,24,25,29,28,0,0,1,2,3,14,14,14,14,43,34,32,33,35,0,22,1,13,3,12,12,12,12,43,50,49,32,34,0,23,24,25,26,0,0,0,0,43,48,51,35,33,0,27,28,29,30,13,13,13,13,43,51,50,34,35,0,0,1,2,3,15,15,15,15,43,38,36,37,39,0,31,1,32,3,12,12,12,12,43,52,54,36,38,0,33,34,35,36,9,9,9,9,43,55,53,39,37,0,37,38,39,40,16,16,16,16,43,54,55,37,36,0,0,1,2,3,8,8,8,8,43,41,40,42,43,0,41,1,42,3,12,12,12,12,43,56,58,42,40,0,0,1,2,3,17,17,17,17,43,59,57,41,43,0,0,1,2,3,18,18,18,18,43,58,59,43,42,0,43,44,45,46,16,16,16,16,43,45,44,47,46,0,7,6,47,48,12,12,12,12,43,72,73,47,44,0,0,1,2,3,8,8,8,8,43,73,74,46,47,0,49,50,48,47,16,16,16,16,43,74,75,45,46,0,0,1,2,3,19,19,19,19,43,18,17,50,51,0,0,1,2,3,4,4,4,4,43,10,18,51,48,0,51,52,28,27,13,13,13,13,43,17,9,49,50,0,53,54,24,23,0,0,0,0,43,9,10,48,49,0,0,1,2,3,8,8,8,8,43,17,18,55,54,0,0,1,2,3,20,20,20,20,43,18,21,53,55,0,55,56,38,37,13,13,13,13,43,20,17,54,52,0,57,58,34,33,0,0,0,0,43,21,20,52,53,0,0,1,2,3,21,21,21,21,43,21,13,59,58,0,59,60,44,43,13,13,13,13,43,13,12,57,59,0,0,1,2,3,22,22,22,22,43,20,21,58,56,0,0,1,2,3,23,23,23,23,43,12,20,56,57,0,61,62,9,8,0,0,0,0,43,6,2,61,63,0,0,1,2,3,24,24,24,24,43,13,6,63,62,0,63,64,65,66,13,13,13,13,43,12,13,62,60,0,0,1,2,3,25,25,25,25,43,2,12,60,61,0,67,68,69,70,0,0,0,0,43,71,68,67,66,0,0,1,2,3,4,4,4,4,43,70,71,66,65,0,71,72,73,74,13,13,13,13,43,69,70,65,64,0,0,1,2,3,26,26,26,26,43,68,69,64,67,0,75,76,77,78,0,0,0,0,43,61,60,69,68,0,70,69,76,75,9,9,9,9,43,60,62,70,69,0,0,1,2,3,8,8,8,8,43,62,63,71,70,0,66,65,72,71,16,16,16,16,43,63,61,68,71,0,0,1,2,3,19,19,19,19,43,66,67,75,74,0,0,1,2,3,4,4,4,4,43,65,66,74,73,0,74,73,50,49,13,13,13,13,43,64,65,73,72,0,0,1,2,3,26,26,26,26,43,67,64,72,75,0,78,77,5,4,0,0,0,0],
    "uvs":[[0,0,1,0,1,1,0,1,0.399297,0.00678939,0.399315,0.00164906,0.467003,0.00217888,0.466985,0.00731917,0.190773,0.0497425,0.190773,0.0299573,0.257835,0.0299573,0.257835,0.0497425,1,1,2.04359e-07,0.0200001,0.0587925,0.164333,0.0587925,0.14398,0.117419,0.14398,0.117419,0.164333,5.52797e-05,0.164333,5.52819e-05,0.14398,0.058682,0.14398,0.058682,0.164333,1,0.98,0.0582884,0.119903,0.0582884,0.0960472,0.125106,0.0960472,0.125106,0.119903,0.0582885,0.143869,0.0582885,0.120013,0.125106,0.120013,0.125106,0.143869,0.997137,0.95754,-0.00073719,-0.00793672,0.124612,0.0728395,0.124612,0.0498531,0.190048,0.0498531,0.190048,0.0728395,0.124612,0.0959366,0.124612,0.0729501,0.190048,0.0729501,0.190048,0.0959366,0.997138,0.982738,-0.00073719,0.0172617,0.190773,0.0298466,0.190773,0.0100614,0.257835,0.0100614,0.257835,0.0298466,0.533008,0.0026954,0.532991,0.00783578,0.600697,0.00322442,0.600679,0.00836482,5.52797e-05,0.143869,5.52797e-05,0.120013,5.52797e-05,0.119903,5.52797e-05,0.0960472,5.52797e-05,0.0959366,5.52797e-05,0.0729501,5.52863e-05,0.0728396,5.52797e-05,0.0498531,5.52797e-05,0.0298467,5.52797e-05,0.0100614,5.52797e-05,0.0497425,5.52797e-05,0.0299572,0.999945,0.00480802,0.999927,0.00994829,0.803739,0.00995082,0.803757,0.00481055,5.52797e-05,0.00519548,7.31382e-05,5.52797e-05,0.196258,5.88163e-05,0.19624,0.00519902,0.73607,0.00428207,0.736052,0.0094223,0.668366,0.00889363,0.668384,0.00375331,0.263926,0.00572925,0.263944,0.000589083,0.331629,0.00111917,0.331611,0.00625942]]
}