{
    "materials":[{
        "shading":"phong",
        "depthWrite":true,
        "colorSpecular":[0.5,0.5,0.5],
        "mapDiffuseWrap":["repeat","repeat"],
        "colorDiffuse":[0.64,0.319513,0.208151],
        "specularCoef":50,
        "mapDiffuseRepeat":[1,1],
        "DbgName":"Material",
        "vertexColors":false,
        "wireframe":false,
        "depthTest":true,
        "blending":"NormalBlending",
        "colorEmissive":[0,0,0],
        "DbgColor":15658734,
        "mapDiffuseAnisotropy":1,
        "visible":true,
        "mapDiffuse":"wooden-plank-textured-background-material_53876-31377.jpg",
        "DbgIndex":0,
        "transparent":false,
        "doubleSided":false,
        "opacity":1
    }],
    "metadata":{
        "materials":1,
        "vertices":60,
        "faces":46,
        "generator":"io_three",
        "uvs":1,
        "type":"Geometry",
        "colors":0,
        "version":3,
        "normals":17
    },
    "colors":[],
    "faces":[43,42,2,14,45,0,0,1,2,3,0,0,0,0,43,11,7,19,23,0,4,5,6,7,1,1,1,1,43,6,25,27,18,0,8,9,10,11,2,2,2,2,43,7,6,18,19,0,12,13,14,15,1,1,1,1,43,45,14,20,21,0,3,2,16,17,3,3,3,3,43,27,12,19,18,0,10,18,19,11,3,3,3,3,43,46,45,21,22,0,20,3,17,21,3,3,3,3,43,47,46,22,23,0,22,20,21,23,3,3,3,3,43,12,47,23,19,0,18,22,23,19,3,3,3,3,43,8,9,21,20,0,24,25,26,27,1,1,1,1,43,2,8,20,14,0,1,28,16,2,4,4,4,4,43,9,10,22,21,0,29,30,31,32,1,1,1,1,43,10,11,23,22,0,33,34,35,36,1,1,1,1,43,0,1,25,24,0,37,38,9,39,5,5,5,5,43,5,0,24,44,0,40,37,39,41,6,6,6,6,43,1,13,27,25,0,38,42,10,9,7,7,7,7,43,13,28,12,27,0,42,43,18,10,8,8,8,8,43,28,17,47,12,0,43,44,22,18,0,0,0,0,43,17,5,44,47,0,44,40,41,22,0,0,0,0,43,30,33,39,36,0,45,46,47,48,3,3,3,3,43,31,34,40,37,0,49,50,51,52,9,9,9,9,43,38,36,37,40,0,53,54,55,56,0,0,0,0,43,36,39,41,37,0,57,58,59,60,0,0,0,0,43,35,31,37,41,0,61,49,52,62,9,9,9,9,43,34,32,38,40,0,50,63,53,51,10,10,10,10,43,32,30,36,38,0,63,45,48,53,3,3,3,3,43,33,35,41,39,0,46,61,62,47,11,11,11,11,43,3,4,43,42,0,64,65,66,0,6,6,6,6,43,4,26,44,43,0,65,67,41,66,12,12,12,12,43,16,15,45,46,0,68,69,3,20,0,0,0,0,43,29,16,46,47,0,70,68,20,22,0,0,0,0,43,15,3,42,45,0,69,64,0,3,13,13,13,13,43,26,29,47,44,0,67,70,22,41,7,7,7,7,43,48,53,59,54,0,71,72,73,74,9,9,9,9,43,53,51,57,59,0,72,75,76,73,14,14,14,14,43,55,56,58,54,0,77,78,79,80,0,0,0,0,43,57,55,54,59,0,81,82,83,84,0,0,0,0,43,51,49,55,57,0,75,85,86,87,3,3,3,3,43,50,52,58,56,0,88,89,79,90,15,15,15,15,43,52,48,54,58,0,89,71,74,79,9,9,9,9,43,49,50,56,55,0,91,92,93,94,3,3,3,3,43,25,6,7,24,0,9,8,95,39,16,16,16,16,43,24,7,11,44,0,39,95,96,41,16,16,16,16,43,44,11,10,43,0,41,96,97,66,16,16,16,16,43,43,10,9,42,0,66,97,98,0,16,16,16,16,43,42,9,8,2,0,0,98,28,1,16,16,16,16],
    "normals":[0,0,-1,-0,0,1,0,1,-1.83915e-07,-1,0,-0,0,-1,0,6.3814e-08,-4.81615e-07,-1,-0,0,-1,0,-0,-1,-6.3814e-08,-4.81615e-07,-1,1,0,0,0,-1,1.92946e-07,0,1,0,-0,0,-1,0,0,-1,0,-1,-0,0,1,-4.7928e-08,1,-0,0],
    "uvs":[[0.675482,0.0653823,0.679219,0.10338,0.695155,0.0516936,0.726391,0.0834525,0.0111344,0.164288,0.00414063,0.015093,0.460611,-0.00524108,0.48279,0.162137,0.0814234,0.106849,0.776726,0.0157873,0.857554,0.0849354,0.156564,0.160781,-0.00794618,0.144019,0.000844695,-0.00596134,0.668239,0.00768112,0.678173,0.123685,0.202215,0.122756,0.198602,0.15208,0.927247,0.0581006,0.154411,0.155916,0.792935,0.0790768,0.18579,0.150991,0.878974,0.0485164,0.168533,0.15005,0.524724,0.410549,0.196295,0.4293,0.194573,0.285035,0.52453,0.296,0.19838,0.192986,0.357452,0.493763,0.0379428,0.496322,0.0568644,0.376611,0.371846,0.397846,0.610052,0.472148,0.0594817,0.474516,0.0678097,0.335381,0.548395,0.348409,0.790511,0.018098,0.782097,0.0350263,0.766183,0.0148136,0.768658,0.000111694,0.738075,0.0110897,0.889334,0.0903692,0.999888,0.0448135,0.910815,0.0226728,0.000111694,0.553884,0.0288808,0.441665,0.230619,0.5666,0.230162,0.566267,0.458188,0.55526,0.430974,0.691304,0.22906,0.566684,0.229522,0.567043,0.229587,0.566171,0.822416,0.795917,0.16103,0.841011,0.0598444,0.586829,0.886879,0.679078,0.730207,0.5666,0.0608756,0.579187,0.157001,0.84504,0.413801,0.442539,0.230091,0.5671,0.0461922,0.691304,0.675535,0.0647926,0.688255,0.0312163,0.691651,0.0351715,0.739171,0.00733405,0.795393,0.0880222,0.728409,0.0880222,0.872652,0.0500681,0.000111694,0.320883,0.0267088,0.19321,0.233335,0.317184,0.23264,0.31668,0.419429,0.19321,0.23256,0.317931,0.723257,0.487025,0.235081,0.498625,0.231798,0.316589,0.752373,0.304593,0.865103,0.366278,0.2559,0.366157,0.240698,0.46575,0.886022,0.462226,0.460817,0.353829,0.0705693,0.370186,0.0673739,0.201091,0.437663,0.441442,0.0448922,0.441075,0.231052,0.317323,0.464845,0.321597,0.256361,0.389066,0.231052,0.232715,0.465405,0.192913,0.000111694,0.144019,0.0836553,0.164288,0.138666,0.169978,0.172121,0.171448]],
    "vertices":[-2.87712,0.816003,1.30359,-2.87712,1.04775,1.30359,-2.75805,0.0193,1.30359,-2.86429,0.110005,1.30359,-2.86429,0.325275,1.30359,-2.87712,0.608171,1.30359,-2.75805,1.0793,1.95176,-2.75805,0.816003,1.95176,-2.75805,0.0193,1.95176,-2.75805,0.0818521,1.95176,-2.75805,0.325275,1.95176,-2.75805,0.576617,1.95176,-4.68886,0.816003,1.30359,-4.56979,1.04775,1.30359,-4.68886,0.0193,1.30359,-4.58262,0.110005,1.30359,-4.58262,0.325275,1.30359,-4.56979,0.608171,1.30359,-4.68886,1.0793,1.95176,-4.68886,0.816003,1.95176,-4.68886,0.0193,1.95176,-4.68886,0.0818521,1.95176,-4.68886,0.325275,1.95176,-4.68886,0.576617,1.95176,-2.75805,0.816003,1.30359,-2.75805,1.0793,1.30359,-2.86429,0.548464,1.30359,-4.68886,1.0793,1.30359,-4.56979,0.816003,1.30359,-4.58262,0.548464,1.30359,-2.87712,0.816003,1.30359,-4.56979,0.816003,1.30359,-2.87712,1.04775,1.30359,-2.87712,0.608171,1.30359,-4.56979,1.04775,1.30359,-4.56979,0.608171,1.30359,-2.87712,0.816003,1.92142,-4.56979,0.816003,1.92142,-2.87712,1.04775,1.92142,-2.87712,0.608171,1.92142,-4.56979,1.04775,1.92142,-4.56979,0.608171,1.92142,-2.75805,0.0818521,1.30359,-2.75805,0.325275,1.30359,-2.75805,0.576617,1.30359,-4.68886,0.0818521,1.30359,-4.68886,0.325275,1.30359,-4.68886,0.576617,1.30359,-4.58262,0.325275,1.30359,-2.86429,0.325275,1.30359,-2.86429,0.110005,1.30359,-2.86429,0.548464,1.30359,-4.58262,0.110005,1.30359,-4.58262,0.548464,1.30359,-4.58262,0.325275,1.9254,-2.86429,0.325275,1.9254,-2.86429,0.110005,1.9254,-2.86429,0.548464,1.9254,-4.58262,0.110005,1.9254,-4.58262,0.548464,1.9254]
}